{
  "sizes": [
    331,
    262,
    318,
    360,
    303,
    311,
    267,
    290,
    243,
    246,
    275,
    300,
    233,
    223,
    277,
    283,
    320,
    285,
    290,
    304,
    301,
    272,
    273,
    280,
    279,
    282,
    264,
    287,
    289,
    301
  ],
  "total": 30,
  "mean": 284.96666666666664,
  "std": 28.225854971796494
}