{
  "per_query_recall_at_5": [
    1.0,
    1.0,
    1.0,
    1.0,
    1.0,
    1.0,
    1.0,
    1.0,
    1.0,
    1.0,
    1.0,
    0.5,
    0.5,
    1.0,
    1.0
  ],
  "per_query_mrr": [
    1.0,
    1.0,
    1.0,
    1.0,
    1.0,
    1.0,
    1.0,
    1.0,
    1.0,
    1.0,
    1.0,
    1.0,
    1.0,
    1.0,
    1.0
  ],
  "per_query_latency_ms": [
    8.05354118347168,
    6.301403045654297,
    7.56525993347168,
    5.563497543334961,
    7.881879806518555,
    6.598234176635742,
    5.633115768432617,
    7.653713226318359,
    6.798267364501953,
    6.207466125488281,
    5.300760269165039,
    8.648872375488281,
    6.449222564697266,
    6.7958831787109375,
    7.427215576171875
  ]
}