{
  "per_query_recall_at_5": [
    1.0,
    1.0,
    1.0,
    0.5,
    1.0,
    1.0,
    1.0,
    1.0,
    1.0,
    1.0,
    1.0,
    0.5,
    0.5,
    1.0,
    1.0
  ],
  "per_query_mrr": [
    1.0,
    1.0,
    1.0,
    1.0,
    1.0,
    1.0,
    1.0,
    1.0,
    1.0,
    1.0,
    1.0,
    1.0,
    1.0,
    1.0,
    1.0
  ],
  "per_query_latency_ms": [
    38.27381134033203,
    24.615049362182617,
    24.745941162109375,
    25.152206420898438,
    23.842334747314453,
    23.73504638671875,
    20.99156379699707,
    21.693706512451172,
    20.116329193115234,
    22.143840789794922,
    28.91826629638672,
    22.422313690185547,
    28.838396072387695,
    23.88286590576172,
    24.0328311920166
  ]
}