{
  "per_query_recall_at_5": [
    1.0,
    1.0,
    1.0,
    1.0,
    1.0,
    1.0,
    1.0,
    1.0,
    1.0,
    1.0,
    1.0,
    0.5,
    0.5,
    1.0,
    1.0
  ],
  "per_query_mrr": [
    1.0,
    1.0,
    1.0,
    1.0,
    1.0,
    1.0,
    1.0,
    1.0,
    1.0,
    1.0,
    1.0,
    1.0,
    1.0,
    1.0,
    1.0
  ],
  "per_query_latency_ms": [
    6.440401077270508,
    8.003950119018555,
    5.16510009765625,
    6.192445755004883,
    5.007743835449219,
    6.414651870727539,
    6.932735443115234,
    8.268594741821289,
    4.365682601928711,
    7.792472839355469,
    5.692005157470703,
    6.035089492797852,
    5.6209564208984375,
    8.061408996582031,
    4.391193389892578
  ]
}