{
  "per_query_recall_at_5": [
    1.0,
    1.0,
    1.0,
    1.0,
    1.0,
    1.0,
    1.0,
    1.0,
    1.0,
    1.0,
    1.0,
    0.5,
    0.5,
    1.0,
    1.0
  ],
  "per_query_mrr": [
    1.0,
    1.0,
    1.0,
    1.0,
    1.0,
    1.0,
    1.0,
    1.0,
    1.0,
    1.0,
    1.0,
    1.0,
    1.0,
    1.0,
    1.0
  ],
  "per_query_latency_ms": [
    23.82826805114746,
    16.711711883544922,
    31.555652618408203,
    19.513845443725586,
    25.388479232788086,
    24.50871467590332,
    28.167247772216797,
    21.59881591796875,
    22.397518157958984,
    10.20359992980957,
    32.332420349121094,
    24.942398071289062,
    23.517608642578125,
    24.140596389770508,
    20.97630500793457
  ]
}