{
  "per_query_recall_at_5": [
    1.0,
    1.0,
    1.0,
    1.0,
    1.0,
    1.0,
    1.0,
    1.0,
    0.5,
    1.0,
    1.0,
    0.5,
    0.5,
    1.0,
    1.0
  ],
  "per_query_mrr": [
    1.0,
    1.0,
    1.0,
    1.0,
    1.0,
    1.0,
    1.0,
    1.0,
    1.0,
    1.0,
    1.0,
    1.0,
    1.0,
    1.0,
    1.0
  ],
  "per_query_latency_ms": [
    16.951560974121094,
    11.994361877441406,
    15.681028366088867,
    14.362096786499023,
    10.548830032348633,
    16.712188720703125,
    14.133691787719727,
    13.35453987121582,
    13.876199722290039,
    12.981414794921875,
    12.855768203735352,
    10.596752166748047,
    11.659383773803711,
    11.726140975952148,
    10.231494903564453
  ]
}