{
  "per_query_recall_at_5": [
    1.0,
    1.0,
    1.0,
    1.0,
    1.0,
    1.0,
    1.0,
    1.0,
    1.0,
    1.0,
    1.0,
    0.5,
    1.0,
    1.0,
    1.0
  ],
  "per_query_mrr": [
    1.0,
    1.0,
    1.0,
    1.0,
    1.0,
    1.0,
    1.0,
    1.0,
    1.0,
    1.0,
    1.0,
    1.0,
    1.0,
    1.0,
    1.0
  ],
  "per_query_latency_ms": [
    21.59428596496582,
    22.50075340270996,
    21.010637283325195,
    25.87723731994629,
    21.887779235839844,
    21.86274528503418,
    22.646427154541016,
    18.9974308013916,
    24.11508560180664,
    24.0933895111084,
    16.295433044433594,
    25.859355926513672,
    24.30272102355957,
    23.846864700317383,
    22.658348083496094
  ]
}